<?xml version="1.0" encoding="UTF-8"?>
<project-private xmlns="http://www.netbeans.org/ns/project-private/1">
    <editor-bookmarks xmlns="http://www.netbeans.org/ns/editor-bookmarks/2" lastBookmarkId="0"/>
    <open-files xmlns="http://www.netbeans.org/ns/projectui-open-files/2">
        <group>
            <file>file:/C:/Users/leeke/Documents/SIT/YEAR%201/Trimester%202/INF1005%20-%20WEB%20SYSTEMS%20AND%20TECHNOLOGIES/Assignment/Assignment/SimpleEats/SimpleEats/chinese.php</file>
            <file>file:/C:/Users/leeke/Documents/SIT/YEAR%201/Trimester%202/INF1005%20-%20WEB%20SYSTEMS%20AND%20TECHNOLOGIES/Assignment/Assignment/SimpleEats/SimpleEats/header_nav_footer.php</file>
            <file>file:/C:/Users/leeke/Documents/SIT/YEAR%201/Trimester%202/INF1005%20-%20WEB%20SYSTEMS%20AND%20TECHNOLOGIES/Assignment/Assignment/SimpleEats/SimpleEats/faq.php</file>
            <file>file:/C:/Users/leeke/Documents/SIT/YEAR%201/Trimester%202/INF1005%20-%20WEB%20SYSTEMS%20AND%20TECHNOLOGIES/Assignment/Assignment/SimpleEats/SimpleEats/navbar.php</file>
            <file>file:/C:/Users/leeke/Documents/SIT/YEAR%201/Trimester%202/INF1005%20-%20WEB%20SYSTEMS%20AND%20TECHNOLOGIES/Assignment/Assignment/SimpleEats/SimpleEats/slider.php</file>
            <file>file:/C:/Users/leeke/Documents/SIT/YEAR%201/Trimester%202/INF1005%20-%20WEB%20SYSTEMS%20AND%20TECHNOLOGIES/Assignment/Assignment/SimpleEats/SimpleEats/logout.php</file>
            <file>file:/C:/Users/leeke/Documents/SIT/YEAR%201/Trimester%202/INF1005%20-%20WEB%20SYSTEMS%20AND%20TECHNOLOGIES/Assignment/Assignment/SimpleEats/SimpleEats/western.php</file>
            <file>file:/C:/Users/leeke/Documents/SIT/YEAR%201/Trimester%202/INF1005%20-%20WEB%20SYSTEMS%20AND%20TECHNOLOGIES/Assignment/Assignment/SimpleEats/SimpleEats/process_register.php</file>
            <file>file:/C:/Users/leeke/Documents/SIT/YEAR%201/Trimester%202/INF1005%20-%20WEB%20SYSTEMS%20AND%20TECHNOLOGIES/Assignment/Assignment/SimpleEats/SimpleEats/header_home.php</file>
            <file>file:/C:/Users/leeke/Documents/SIT/YEAR%201/Trimester%202/INF1005%20-%20WEB%20SYSTEMS%20AND%20TECHNOLOGIES/Assignment/Assignment/SimpleEats/SimpleEats/japanese.php</file>
            <file>file:/C:/Users/leeke/Documents/SIT/YEAR%201/Trimester%202/INF1005%20-%20WEB%20SYSTEMS%20AND%20TECHNOLOGIES/Assignment/Assignment/SimpleEats/SimpleEats/about.php</file>
            <file>file:/C:/Users/leeke/Documents/SIT/YEAR%201/Trimester%202/INF1005%20-%20WEB%20SYSTEMS%20AND%20TECHNOLOGIES/Assignment/Assignment/SimpleEats/SimpleEats/index.php</file>
            <file>file:/C:/Users/leeke/Documents/SIT/YEAR%201/Trimester%202/INF1005%20-%20WEB%20SYSTEMS%20AND%20TECHNOLOGIES/Assignment/Assignment/SimpleEats/SimpleEats/login.php</file>
        </group>
    </open-files>
</project-private>
