<?xml version="1.0" encoding="UTF-8"?>
<project-private xmlns="http://www.netbeans.org/ns/project-private/1">
    <editor-bookmarks xmlns="http://www.netbeans.org/ns/editor-bookmarks/2" lastBookmarkId="0"/>
    <open-files xmlns="http://www.netbeans.org/ns/projectui-open-files/2">
        <group>
            <file>file:/C:/Users/leeke/Documents/SIT/YEAR%201/Trimester%202/INF1005%20-%20WEB%20SYSTEMS%20AND%20TECHNOLOGIES/Assignment/Assignment/Draft%2014/SimpleEatsss/SimpleEatsss/header_home.php</file>
            <file>file:/C:/Users/leeke/Documents/SIT/YEAR%201/Trimester%202/INF1005%20-%20WEB%20SYSTEMS%20AND%20TECHNOLOGIES/Assignment/Assignment/Draft%2014/SimpleEatsss/SimpleEatsss/faq.php</file>
            <file>file:/C:/Users/leeke/Documents/SIT/YEAR%201/Trimester%202/INF1005%20-%20WEB%20SYSTEMS%20AND%20TECHNOLOGIES/Assignment/Assignment/Draft%2014/SimpleEatsss/SimpleEatsss/add_recipe.php</file>
            <file>file:/C:/Users/leeke/Documents/SIT/YEAR%201/Trimester%202/INF1005%20-%20WEB%20SYSTEMS%20AND%20TECHNOLOGIES/Assignment/Assignment/Draft%2014/SimpleEatsss/SimpleEatsss/profile_change_password.php</file>
            <file>file:/C:/Users/leeke/Documents/SIT/YEAR%201/Trimester%202/INF1005%20-%20WEB%20SYSTEMS%20AND%20TECHNOLOGIES/Assignment/Assignment/Draft%2014/SimpleEatsss/SimpleEatsss/profile_edit.php</file>
            <file>file:/C:/Users/leeke/Documents/SIT/YEAR%201/Trimester%202/INF1005%20-%20WEB%20SYSTEMS%20AND%20TECHNOLOGIES/Assignment/Assignment/Draft%2014/SimpleEatsss/SimpleEatsss/search.php</file>
            <file>file:/C:/Users/leeke/Documents/SIT/YEAR%201/Trimester%202/INF1005%20-%20WEB%20SYSTEMS%20AND%20TECHNOLOGIES/Assignment/Assignment/Draft%2014/SimpleEatsss/SimpleEatsss/navbar.php</file>
            <file>file:/C:/Users/leeke/Documents/SIT/YEAR%201/Trimester%202/INF1005%20-%20WEB%20SYSTEMS%20AND%20TECHNOLOGIES/Assignment/Assignment/Draft%2014/SimpleEatsss/SimpleEatsss/slider.php</file>
            <file>file:/C:/Users/leeke/Documents/SIT/YEAR%201/Trimester%202/INF1005%20-%20WEB%20SYSTEMS%20AND%20TECHNOLOGIES/Assignment/Assignment/Draft%2014/SimpleEatsss/SimpleEatsss/css/cuisines.css</file>
            <file>file:/C:/Users/leeke/Documents/SIT/YEAR%201/Trimester%202/INF1005%20-%20WEB%20SYSTEMS%20AND%20TECHNOLOGIES/Assignment/Assignment/Draft%2014/SimpleEatsss/SimpleEatsss/header_nav_footer.php</file>
            <file>file:/C:/Users/leeke/Documents/SIT/YEAR%201/Trimester%202/INF1005%20-%20WEB%20SYSTEMS%20AND%20TECHNOLOGIES/Assignment/Assignment/Draft%2014/SimpleEatsss/SimpleEatsss/index.php</file>
            <file>file:/C:/Users/leeke/Documents/SIT/YEAR%201/Trimester%202/INF1005%20-%20WEB%20SYSTEMS%20AND%20TECHNOLOGIES/Assignment/Assignment/Draft%2014/SimpleEatsss/SimpleEatsss/footer.php</file>
            <file>file:/C:/Users/leeke/Documents/SIT/YEAR%201/Trimester%202/INF1005%20-%20WEB%20SYSTEMS%20AND%20TECHNOLOGIES/Assignment/Assignment/Draft%2014/SimpleEatsss/SimpleEatsss/about.php</file>
        </group>
    </open-files>
</project-private>
